TargetID,StoreID,YearMonth,TargetRevenue,TargetProfitMargin,TargetOrders
T-S001-2023-01,S001,2023-01,10000.0,0.2449,80
T-S001-2023-02,S001,2023-02,10000.0,0.2287,80
T-S001-2023-03,S001,2023-03,10000.0,0.2382,80
T-S001-2023-04,S001,2023-04,10000.0,0.2276,80
T-S001-2023-05,S001,2023-05,10000.0,0.2446,80
T-S001-2023-06,S001,2023-06,10000.0,0.244,80
T-S001-2023-07,S001,2023-07,10123.03,0.2405,80
T-S001-2023-08,S001,2023-08,10000.0,0.242,80
T-S001-2023-09,S001,2023-09,10000.0,0.2415,80
T-S001-2023-10,S001,2023-10,10152.23,0.2497,80
T-S001-2023-11,S001,2023-11,13744.94,0.2346,84
T-S001-2023-12,S001,2023-12,17931.74,0.2288,96
T-S001-2024-01,S001,2024-01,19127.46,0.2533,115
T-S001-2024-02,S001,2024-02,12847.46,0.2327,80
T-S001-2024-03,S001,2024-03,10853.33,0.2399,80
T-S001-2024-04,S001,2024-04,11252.34,0.2486,80
T-S001-2024-05,S001,2024-05,10520.18,0.2558,80
T-S001-2024-06,S001,2024-06,10000.0,0.2478,80
T-S001-2024-07,S001,2024-07,10037.32,0.2606,80
T-S001-2024-08,S001,2024-08,10000.0,0.2368,80
T-S001-2024-09,S001,2024-09,10000.0,0.2489,80
T-S001-2024-10,S001,2024-10,10008.87,0.2278,80
T-S001-2024-11,S001,2024-11,14509.98,0.2512,93
T-S001-2024-12,S001,2024-12,19577.97,0.2519,95
T-S001-2025-01,S001,2025-01,18996.03,0.2557,95
T-S001-2025-02,S001,2025-02,14051.74,0.2438,85
T-S001-2025-03,S001,2025-03,11578.42,0.2437,80
T-S001-2025-04,S001,2025-04,10000.0,0.25,80
T-S001-2025-05,S001,2025-05,11203.19,0.2472,80
T-S001-2025-06,S001,2025-06,11874.75,0.2497,80
T-S001-2025-07,S001,2025-07,10941.85,0.2292,80
T-S001-2025-08,S001,2025-08,11388.73,0.2517,80
T-S001-2025-09,S001,2025-09,12999.51,0.244,80
T-S001-2025-10,S001,2025-10,12623.38,0.2502,80
T-S001-2025-11,S001,2025-11,13435.68,0.2389,84
T-S001-2025-12,S001,2025-12,19353.83,0.2527,99
T-S002-2023-01,S002,2023-01,12168.46,0.2552,80
T-S002-2023-02,S002,2023-02,11073.31,0.2353,80
T-S002-2023-03,S002,2023-03,10000.0,0.2457,80
T-S002-2023-04,S002,2023-04,10000.0,0.2528,80
T-S002-2023-05,S002,2023-05,10000.0,0.2476,80
T-S002-2023-06,S002,2023-06,10224.66,0.2355,80
T-S002-2023-07,S002,2023-07,12261.0,0.2452,80
T-S002-2023-08,S002,2023-08,11381.54,0.2495,80
T-S002-2023-09,S002,2023-09,10000.0,0.2396,80
T-S002-2023-10,S002,2023-10,10000.0,0.2611,80
T-S002-2023-11,S002,2023-11,12523.97,0.2526,80
T-S002-2023-12,S002,2023-12,17720.26,0.2474,117
T-S002-2024-01,S002,2024-01,18174.91,0.2465,94
T-S002-2024-02,S002,2024-02,13945.41,0.2331,80
T-S002-2024-03,S002,2024-03,10000.0,0.2507,80
T-S002-2024-04,S002,2024-04,10000.0,0.2326,80
T-S002-2024-05,S002,2024-05,10000.0,0.2513,80
T-S002-2024-06,S002,2024-06,10049.72,0.2283,80
T-S002-2024-07,S002,2024-07,11201.89,0.2431,80
T-S002-2024-08,S002,2024-08,12097.53,0.2611,80
T-S002-2024-09,S002,2024-09,11800.46,0.2425,80
T-S002-2024-10,S002,2024-10,10520.98,0.2327,80
T-S002-2024-11,S002,2024-11,10874.95,0.2412,80
T-S002-2024-12,S002,2024-12,15259.14,0.2263,89
T-S002-2025-01,S002,2025-01,18649.21,0.2498,123
T-S002-2025-02,S002,2025-02,14073.8,0.2445,80
T-S002-2025-03,S002,2025-03,13151.05,0.2478,85
T-S002-2025-04,S002,2025-04,12855.41,0.2562,81
T-S002-2025-05,S002,2025-05,12661.56,0.2423,80
T-S002-2025-06,S002,2025-06,14538.09,0.2489,80
T-S002-2025-07,S002,2025-07,15679.98,0.2443,80
T-S002-2025-08,S002,2025-08,12092.07,0.2454,80
T-S002-2025-09,S002,2025-09,10000.0,0.2472,80
T-S002-2025-10,S002,2025-10,10074.36,0.2476,80
T-S002-2025-11,S002,2025-11,14647.41,0.2472,80
T-S002-2025-12,S002,2025-12,22450.38,0.2518,119
T-S003-2023-01,S003,2023-01,12154.25,0.2497,80
T-S003-2023-02,S003,2023-02,10592.95,0.2377,80
T-S003-2023-03,S003,2023-03,10000.0,0.2311,80
T-S003-2023-04,S003,2023-04,10000.0,0.2627,80
T-S003-2023-05,S003,2023-05,10000.0,0.2409,80
T-S003-2023-06,S003,2023-06,10000.0,0.2516,80
T-S003-2023-07,S003,2023-07,10722.4,0.2405,80
T-S003-2023-08,S003,2023-08,10000.0,0.2436,80
T-S003-2023-09,S003,2023-09,10000.0,0.2603,80
T-S003-2023-10,S003,2023-10,11129.29,0.255,80
T-S003-2023-11,S003,2023-11,12158.8,0.2323,80
T-S003-2023-12,S003,2023-12,19118.78,0.241,128
T-S003-2024-01,S003,2024-01,16816.31,0.2456,92
T-S003-2024-02,S003,2024-02,10000.0,0.2416,80
T-S003-2024-03,S003,2024-03,10000.0,0.2334,80
T-S003-2024-04,S003,2024-04,10016.04,0.2485,80
T-S003-2024-05,S003,2024-05,10690.9,0.2443,80
T-S003-2024-06,S003,2024-06,10372.93,0.2339,80
T-S003-2024-07,S003,2024-07,10867.62,0.2328,80
T-S003-2024-08,S003,2024-08,13213.73,0.2608,80
T-S003-2024-09,S003,2024-09,10506.18,0.2508,80
T-S003-2024-10,S003,2024-10,10000.0,0.2557,80
T-S003-2024-11,S003,2024-11,11706.96,0.2483,80
T-S003-2024-12,S003,2024-12,18628.35,0.2395,124
T-S003-2025-01,S003,2025-01,15154.38,0.2503,95
T-S003-2025-02,S003,2025-02,11581.66,0.2381,80
T-S003-2025-03,S003,2025-03,12638.74,0.2453,82
T-S003-2025-04,S003,2025-04,12819.95,0.2419,80
T-S003-2025-05,S003,2025-05,10304.18,0.249,80
T-S003-2025-06,S003,2025-06,11074.39,0.2382,80
T-S003-2025-07,S003,2025-07,12981.05,0.2484,81
T-S003-2025-08,S003,2025-08,12623.53,0.2565,82
T-S003-2025-09,S003,2025-09,10930.77,0.2439,80
T-S003-2025-10,S003,2025-10,10573.22,0.2452,80
T-S003-2025-11,S003,2025-11,15171.91,0.2475,80
T-S003-2025-12,S003,2025-12,22412.13,0.2445,141
T-S004-2023-01,S004,2023-01,11382.99,0.2441,80
T-S004-2023-02,S004,2023-02,10297.58,0.2337,80
T-S004-2023-03,S004,2023-03,10000.0,0.2403,80
T-S004-2023-04,S004,2023-04,10000.0,0.2347,80
T-S004-2023-05,S004,2023-05,10112.71,0.2585,80
T-S004-2023-06,S004,2023-06,10547.72,0.2554,80
T-S004-2023-07,S004,2023-07,11827.84,0.2468,80
T-S004-2023-08,S004,2023-08,11782.98,0.2468,80
T-S004-2023-09,S004,2023-09,10000.0,0.242,80
T-S004-2023-10,S004,2023-10,10000.0,0.2488,80
T-S004-2023-11,S004,2023-11,14337.07,0.2372,83
T-S004-2023-12,S004,2023-12,18267.47,0.2405,90
T-S004-2024-01,S004,2024-01,18559.95,0.2296,101
T-S004-2024-02,S004,2024-02,12475.6,0.242,80
T-S004-2024-03,S004,2024-03,12608.23,0.237,86
T-S004-2024-04,S004,2024-04,11398.91,0.2457,80
T-S004-2024-05,S004,2024-05,11668.76,0.2468,80
T-S004-2024-06,S004,2024-06,13747.4,0.2471,85
T-S004-2024-07,S004,2024-07,13605.11,0.2423,80
T-S004-2024-08,S004,2024-08,11153.84,0.2467,80
T-S004-2024-09,S004,2024-09,10833.41,0.2629,80
T-S004-2024-10,S004,2024-10,12052.05,0.2508,80
T-S004-2024-11,S004,2024-11,12878.71,0.2436,83
T-S004-2024-12,S004,2024-12,18247.91,0.238,94
T-S004-2025-01,S004,2025-01,20243.1,0.2419,138
T-S004-2025-02,S004,2025-02,13760.34,0.2446,80
T-S004-2025-03,S004,2025-03,14369.7,0.2549,93
T-S004-2025-04,S004,2025-04,13935.8,0.2466,80
T-S004-2025-05,S004,2025-05,11935.03,0.2425,80
T-S004-2025-06,S004,2025-06,12589.66,0.2342,80
T-S004-2025-07,S004,2025-07,12245.03,0.2441,80
T-S004-2025-08,S004,2025-08,12730.8,0.2436,80
T-S004-2025-09,S004,2025-09,11970.29,0.2445,80
T-S004-2025-10,S004,2025-10,13202.35,0.2488,89
T-S004-2025-11,S004,2025-11,17414.21,0.2391,118
T-S004-2025-12,S004,2025-12,25127.23,0.242,125
T-S005-2023-01,S005,2023-01,10000.0,0.2475,80
T-S005-2023-02,S005,2023-02,10000.0,0.2553,80
T-S005-2023-03,S005,2023-03,10000.0,0.2396,80
T-S005-2023-04,S005,2023-04,10000.0,0.2537,80
T-S005-2023-05,S005,2023-05,10000.0,0.26,80
T-S005-2023-06,S005,2023-06,10000.0,0.259,80
T-S005-2023-07,S005,2023-07,10000.0,0.252,80
T-S005-2023-08,S005,2023-08,10000.0,0.2628,80
T-S005-2023-09,S005,2023-09,10000.0,0.2464,80
T-S005-2023-10,S005,2023-10,10000.0,0.2523,80
T-S005-2023-11,S005,2023-11,10000.0,0.2524,80
T-S005-2023-12,S005,2023-12,10450.39,0.2515,80
T-S005-2024-01,S005,2024-01,13800.23,0.2582,80
T-S005-2024-02,S005,2024-02,10000.0,0.2514,80
T-S005-2024-03,S005,2024-03,10000.0,0.2634,80
T-S005-2024-04,S005,2024-04,10000.0,0.264,80
T-S005-2024-05,S005,2024-05,10000.0,0.2511,80
T-S005-2024-06,S005,2024-06,10000.0,0.2548,80
T-S005-2024-07,S005,2024-07,10000.0,0.2719,80
T-S005-2024-08,S005,2024-08,10000.0,0.2501,80
T-S005-2024-09,S005,2024-09,10000.0,0.2733,80
T-S005-2024-10,S005,2024-10,10000.0,0.2534,80
T-S005-2024-11,S005,2024-11,10000.0,0.2459,80
T-S005-2024-12,S005,2024-12,10842.33,0.2574,80
T-S005-2025-01,S005,2025-01,13647.13,0.2552,80
T-S005-2025-02,S005,2025-02,10000.0,0.2447,80
T-S005-2025-03,S005,2025-03,10000.0,0.246,80
T-S005-2025-04,S005,2025-04,10000.0,0.2508,80
T-S005-2025-05,S005,2025-05,10000.0,0.2556,80
T-S005-2025-06,S005,2025-06,10000.0,0.2603,80
T-S005-2025-07,S005,2025-07,10000.0,0.256,80
T-S005-2025-08,S005,2025-08,10851.7,0.2433,80
T-S005-2025-09,S005,2025-09,10000.0,0.2566,80
T-S005-2025-10,S005,2025-10,10000.0,0.2533,80
T-S005-2025-11,S005,2025-11,10000.0,0.2502,80
T-S005-2025-12,S005,2025-12,13536.59,0.2576,87
T-S006-2023-01,S006,2023-01,10000.0,0.2525,80
T-S006-2023-02,S006,2023-02,10000.0,0.2591,80
T-S006-2023-03,S006,2023-03,10000.0,0.2521,80
T-S006-2023-04,S006,2023-04,10000.0,0.2689,80
T-S006-2023-05,S006,2023-05,10000.0,0.2504,80
T-S006-2023-06,S006,2023-06,10000.0,0.2596,80
T-S006-2023-07,S006,2023-07,10000.0,0.2504,80
T-S006-2023-08,S006,2023-08,10000.0,0.2544,80
T-S006-2023-09,S006,2023-09,10000.0,0.2409,80
T-S006-2023-10,S006,2023-10,10000.0,0.2436,80
T-S006-2023-11,S006,2023-11,10000.0,0.2514,80
T-S006-2023-12,S006,2023-12,10883.49,0.2482,80
T-S006-2024-01,S006,2024-01,10000.0,0.2615,80
T-S006-2024-02,S006,2024-02,10000.0,0.2488,80
T-S006-2024-03,S006,2024-03,10000.0,0.2429,80
T-S006-2024-04,S006,2024-04,10000.0,0.268,80
T-S006-2024-05,S006,2024-05,10000.0,0.2507,80
T-S006-2024-06,S006,2024-06,10000.0,0.2395,80
T-S006-2024-07,S006,2024-07,10000.0,0.2528,80
T-S006-2024-08,S006,2024-08,10000.0,0.26,80
T-S006-2024-09,S006,2024-09,10000.0,0.2528,80
T-S006-2024-10,S006,2024-10,10000.0,0.2596,80
T-S006-2024-11,S006,2024-11,10000.0,0.2617,80
T-S006-2024-12,S006,2024-12,10807.31,0.2588,80
T-S006-2025-01,S006,2025-01,10305.55,0.2714,80
T-S006-2025-02,S006,2025-02,10000.0,0.2652,80
T-S006-2025-03,S006,2025-03,10000.0,0.2521,80
T-S006-2025-04,S006,2025-04,10000.0,0.2456,80
T-S006-2025-05,S006,2025-05,10000.0,0.2623,80
T-S006-2025-06,S006,2025-06,10161.9,0.2613,80
T-S006-2025-07,S006,2025-07,10000.0,0.2644,80
T-S006-2025-08,S006,2025-08,10000.0,0.2518,80
T-S006-2025-09,S006,2025-09,10000.0,0.2651,80
T-S006-2025-10,S006,2025-10,10000.0,0.2516,80
T-S006-2025-11,S006,2025-11,10000.0,0.2486,80
T-S006-2025-12,S006,2025-12,12805.76,0.2519,87
T-S007-2023-01,S007,2023-01,10000.0,0.2524,80
T-S007-2023-02,S007,2023-02,10000.0,0.2569,80
T-S007-2023-03,S007,2023-03,10000.0,0.2449,80
T-S007-2023-04,S007,2023-04,10000.0,0.2556,80
T-S007-2023-05,S007,2023-05,10000.0,0.2597,80
T-S007-2023-06,S007,2023-06,10000.0,0.2465,80
T-S007-2023-07,S007,2023-07,10000.0,0.2669,80
T-S007-2023-08,S007,2023-08,10000.0,0.2487,80
T-S007-2023-09,S007,2023-09,10000.0,0.2754,80
T-S007-2023-10,S007,2023-10,10000.0,0.2559,80
T-S007-2023-11,S007,2023-11,10000.0,0.2562,80
T-S007-2023-12,S007,2023-12,11276.41,0.2556,80
T-S007-2024-01,S007,2024-01,13057.15,0.2425,80
T-S007-2024-02,S007,2024-02,10000.0,0.2494,80
T-S007-2024-03,S007,2024-03,10000.0,0.2548,80
T-S007-2024-04,S007,2024-04,10000.0,0.2593,80
T-S007-2024-05,S007,2024-05,10000.0,0.2554,80
T-S007-2024-06,S007,2024-06,10000.0,0.2533,80
T-S007-2024-07,S007,2024-07,10000.0,0.2515,80
T-S007-2024-08,S007,2024-08,10000.0,0.2634,80
T-S007-2024-09,S007,2024-09,10000.0,0.2482,80
T-S007-2024-10,S007,2024-10,10000.0,0.2658,80
T-S007-2024-11,S007,2024-11,10000.0,0.2758,80
T-S007-2024-12,S007,2024-12,13435.09,0.2577,80
T-S007-2025-01,S007,2025-01,13581.06,0.2548,92
T-S007-2025-02,S007,2025-02,10000.0,0.2525,80
T-S007-2025-03,S007,2025-03,10055.54,0.2585,80
T-S007-2025-04,S007,2025-04,11004.62,0.2714,80
T-S007-2025-05,S007,2025-05,10000.0,0.2522,80
T-S007-2025-06,S007,2025-06,10545.01,0.2608,80
T-S007-2025-07,S007,2025-07,11514.73,0.2545,80
T-S007-2025-08,S007,2025-08,11437.07,0.2482,80
T-S007-2025-09,S007,2025-09,10000.0,0.2556,80
T-S007-2025-10,S007,2025-10,10000.0,0.249,80
T-S007-2025-11,S007,2025-11,12232.85,0.2489,80
T-S007-2025-12,S007,2025-12,15429.58,0.2631,80
T-S008-2023-01,S008,2023-01,10508.62,0.2478,80
T-S008-2023-02,S008,2023-02,10104.42,0.2506,80
T-S008-2023-03,S008,2023-03,10000.0,0.2476,80
T-S008-2023-04,S008,2023-04,10000.0,0.2554,80
T-S008-2023-05,S008,2023-05,10000.0,0.2335,80
T-S008-2023-06,S008,2023-06,10000.0,0.2386,80
T-S008-2023-07,S008,2023-07,10959.58,0.238,80
T-S008-2023-08,S008,2023-08,10000.0,0.2512,80
T-S008-2023-09,S008,2023-09,10000.0,0.2535,80
T-S008-2023-10,S008,2023-10,10635.52,0.2478,80
T-S008-2023-11,S008,2023-11,11416.18,0.2676,80
T-S008-2023-12,S008,2023-12,16253.81,0.2567,105
T-S008-2024-01,S008,2024-01,15250.34,0.255,80
T-S008-2024-02,S008,2024-02,10307.76,0.2447,80
T-S008-2024-03,S008,2024-03,10992.73,0.2386,80
T-S008-2024-04,S008,2024-04,10678.04,0.2597,80
T-S008-2024-05,S008,2024-05,11142.18,0.2417,80
T-S008-2024-06,S008,2024-06,11901.33,0.2557,80
T-S008-2024-07,S008,2024-07,11318.88,0.2391,80
T-S008-2024-08,S008,2024-08,13355.39,0.246,86
T-S008-2024-09,S008,2024-09,13536.51,0.2486,80
T-S008-2024-10,S008,2024-10,10022.01,0.2417,80
T-S008-2024-11,S008,2024-11,12067.49,0.2377,80
T-S008-2024-12,S008,2024-12,17939.39,0.2335,100
T-S008-2025-01,S008,2025-01,17136.62,0.2539,96
T-S008-2025-02,S008,2025-02,13613.37,0.2546,80
T-S008-2025-03,S008,2025-03,11997.8,0.2594,80
T-S008-2025-04,S008,2025-04,10000.0,0.2372,80
T-S008-2025-05,S008,2025-05,10086.86,0.255,80
T-S008-2025-06,S008,2025-06,11205.3,0.2364,80
T-S008-2025-07,S008,2025-07,11025.43,0.2454,80
T-S008-2025-08,S008,2025-08,11673.57,0.2441,80
T-S008-2025-09,S008,2025-09,10000.0,0.2273,80
T-S008-2025-10,S008,2025-10,11287.34,0.2529,80
T-S008-2025-11,S008,2025-11,16758.88,0.2469,94
T-S008-2025-12,S008,2025-12,21838.04,0.249,142
T-S009-2023-01,S009,2023-01,12202.62,0.2419,80
T-S009-2023-02,S009,2023-02,10412.16,0.2472,80
T-S009-2023-03,S009,2023-03,10000.0,0.255,80
T-S009-2023-04,S009,2023-04,10799.0,0.2507,80
T-S009-2023-05,S009,2023-05,10530.5,0.24,80
T-S009-2023-06,S009,2023-06,10714.85,0.2395,80
T-S009-2023-07,S009,2023-07,10055.23,0.2556,80
T-S009-2023-08,S009,2023-08,10000.0,0.2533,80
T-S009-2023-09,S009,2023-09,10240.66,0.2471,80
T-S009-2023-10,S009,2023-10,10832.75,0.2466,80
T-S009-2023-11,S009,2023-11,13030.2,0.2541,80
T-S009-2023-12,S009,2023-12,17533.18,0.2453,120
T-S009-2024-01,S009,2024-01,20236.61,0.2316,118
T-S009-2024-02,S009,2024-02,12997.13,0.2519,80
T-S009-2024-03,S009,2024-03,10198.42,0.2495,80
T-S009-2024-04,S009,2024-04,10953.51,0.2472,80
T-S009-2024-05,S009,2024-05,10109.2,0.2376,80
T-S009-2024-06,S009,2024-06,10556.93,0.2278,80
T-S009-2024-07,S009,2024-07,12713.92,0.2411,84
T-S009-2024-08,S009,2024-08,13355.98,0.2473,90
T-S009-2024-09,S009,2024-09,10088.44,0.2497,80
T-S009-2024-10,S009,2024-10,10999.53,0.243,80
T-S009-2024-11,S009,2024-11,13592.72,0.2443,88
T-S009-2024-12,S009,2024-12,17197.41,0.2537,82
T-S009-2025-01,S009,2025-01,17926.3,0.244,107
T-S009-2025-02,S009,2025-02,13295.96,0.248,80
T-S009-2025-03,S009,2025-03,11571.08,0.2547,80
T-S009-2025-04,S009,2025-04,11010.0,0.2573,80
T-S009-2025-05,S009,2025-05,12566.98,0.2509,80
T-S009-2025-06,S009,2025-06,10903.63,0.2535,80
T-S009-2025-07,S009,2025-07,13068.54,0.2471,80
T-S009-2025-08,S009,2025-08,14912.13,0.2398,80
T-S009-2025-09,S009,2025-09,12116.51,0.2528,80
T-S009-2025-10,S009,2025-10,11191.53,0.2401,80
T-S009-2025-11,S009,2025-11,13327.33,0.234,80
T-S009-2025-12,S009,2025-12,18602.11,0.2404,91
T-S010-2023-01,S010,2023-01,10940.15,0.2455,80
T-S010-2023-02,S010,2023-02,10000.0,0.2413,80
T-S010-2023-03,S010,2023-03,10000.0,0.2459,80
T-S010-2023-04,S010,2023-04,10000.0,0.2428,80
T-S010-2023-05,S010,2023-05,10000.0,0.2446,80
T-S010-2023-06,S010,2023-06,10497.27,0.2467,80
T-S010-2023-07,S010,2023-07,10000.0,0.2494,80
T-S010-2023-08,S010,2023-08,11147.04,0.2455,80
T-S010-2023-09,S010,2023-09,10000.0,0.2343,80
T-S010-2023-10,S010,2023-10,10000.0,0.2517,80
T-S010-2023-11,S010,2023-11,12439.84,0.2547,80
T-S010-2023-12,S010,2023-12,15930.5,0.2427,101
T-S010-2024-01,S010,2024-01,14610.15,0.2498,80
T-S010-2024-02,S010,2024-02,12178.32,0.2331,80
T-S010-2024-03,S010,2024-03,11775.22,0.2436,80
T-S010-2024-04,S010,2024-04,11701.95,0.2363,80
T-S010-2024-05,S010,2024-05,10848.47,0.2431,80
T-S010-2024-06,S010,2024-06,10047.5,0.2532,80
T-S010-2024-07,S010,2024-07,10000.0,0.2474,80
T-S010-2024-08,S010,2024-08,11102.96,0.2507,80
T-S010-2024-09,S010,2024-09,11000.23,0.2494,80
T-S010-2024-10,S010,2024-10,10000.0,0.2466,80
T-S010-2024-11,S010,2024-11,13215.62,0.2318,80
T-S010-2024-12,S010,2024-12,17819.2,0.2519,115
T-S010-2025-01,S010,2025-01,16804.4,0.2556,87
T-S010-2025-02,S010,2025-02,12378.26,0.2479,80
T-S010-2025-03,S010,2025-03,10882.12,0.2422,80
T-S010-2025-04,S010,2025-04,10583.48,0.2381,80
T-S010-2025-05,S010,2025-05,10000.0,0.2588,80
T-S010-2025-06,S010,2025-06,11422.23,0.246,80
T-S010-2025-07,S010,2025-07,11349.2,0.2285,80
T-S010-2025-08,S010,2025-08,12009.13,0.2476,80
T-S010-2025-09,S010,2025-09,11968.38,0.2395,80
T-S010-2025-10,S010,2025-10,10000.0,0.2391,80
T-S010-2025-11,S010,2025-11,11959.88,0.242,82
T-S010-2025-12,S010,2025-12,16548.29,0.2456,94
T-S011-2023-01,S011,2023-01,11292.65,0.2386,80
T-S011-2023-02,S011,2023-02,11138.94,0.2367,80
T-S011-2023-03,S011,2023-03,10000.0,0.2554,80
T-S011-2023-04,S011,2023-04,10033.08,0.2477,80
T-S011-2023-05,S011,2023-05,10000.0,0.2642,80
T-S011-2023-06,S011,2023-06,10000.0,0.2428,80
T-S011-2023-07,S011,2023-07,10781.59,0.2435,80
T-S011-2023-08,S011,2023-08,11784.09,0.2468,80
T-S011-2023-09,S011,2023-09,10523.0,0.2403,80
T-S011-2023-10,S011,2023-10,12444.86,0.2522,80
T-S011-2023-11,S011,2023-11,13933.35,0.241,80
T-S011-2023-12,S011,2023-12,15738.49,0.2425,80
T-S011-2024-01,S011,2024-01,17261.33,0.2361,97
T-S011-2024-02,S011,2024-02,13271.22,0.2404,80
T-S011-2024-03,S011,2024-03,11311.56,0.2494,80
T-S011-2024-04,S011,2024-04,10634.3,0.2495,80
T-S011-2024-05,S011,2024-05,10940.35,0.2498,80
T-S011-2024-06,S011,2024-06,12113.76,0.2532,80
T-S011-2024-07,S011,2024-07,11991.29,0.2411,80
T-S011-2024-08,S011,2024-08,12985.58,0.2488,80
T-S011-2024-09,S011,2024-09,10391.06,0.2352,80
T-S011-2024-10,S011,2024-10,10586.7,0.2501,80
T-S011-2024-11,S011,2024-11,15463.38,0.245,89
T-S011-2024-12,S011,2024-12,22161.92,0.2434,123
T-S011-2025-01,S011,2025-01,17960.87,0.2405,96
T-S011-2025-02,S011,2025-02,11016.03,0.2448,80
T-S011-2025-03,S011,2025-03,10823.36,0.2415,80
T-S011-2025-04,S011,2025-04,12546.8,0.2568,80
T-S011-2025-05,S011,2025-05,15458.04,0.248,80
T-S011-2025-06,S011,2025-06,12134.6,0.2578,80
T-S011-2025-07,S011,2025-07,10000.0,0.2557,80
T-S011-2025-08,S011,2025-08,11487.29,0.2364,80
T-S011-2025-09,S011,2025-09,12249.38,0.25,83
T-S011-2025-10,S011,2025-10,12800.47,0.2479,80
T-S011-2025-11,S011,2025-11,16194.59,0.2478,105
T-S011-2025-12,S011,2025-12,23101.14,0.2494,150
T-S012-2023-01,S012,2023-01,10000.0,0.2501,80
T-S012-2023-02,S012,2023-02,10000.0,0.2521,80
T-S012-2023-03,S012,2023-03,10000.0,0.2406,80
T-S012-2023-04,S012,2023-04,10123.11,0.2386,80
T-S012-2023-05,S012,2023-05,10000.0,0.2549,80
T-S012-2023-06,S012,2023-06,10000.0,0.243,80
T-S012-2023-07,S012,2023-07,10000.0,0.2431,80
T-S012-2023-08,S012,2023-08,10000.0,0.2516,80
T-S012-2023-09,S012,2023-09,10000.0,0.239,80
T-S012-2023-10,S012,2023-10,11364.44,0.2492,80
T-S012-2023-11,S012,2023-11,14409.46,0.2345,83
T-S012-2023-12,S012,2023-12,18611.7,0.2527,91
T-S012-2024-01,S012,2024-01,17913.52,0.2445,103
T-S012-2024-02,S012,2024-02,12912.93,0.2551,80
T-S012-2024-03,S012,2024-03,11645.28,0.2478,80
T-S012-2024-04,S012,2024-04,14008.62,0.254,88
T-S012-2024-05,S012,2024-05,14120.16,0.234,80
T-S012-2024-06,S012,2024-06,10000.0,0.2389,80
T-S012-2024-07,S012,2024-07,10304.52,0.253,80
T-S012-2024-08,S012,2024-08,14056.76,0.2512,80
T-S012-2024-09,S012,2024-09,13139.29,0.2507,84
T-S012-2024-10,S012,2024-10,11995.17,0.2392,80
T-S012-2024-11,S012,2024-11,12536.86,0.2408,80
T-S012-2024-12,S012,2024-12,18762.54,0.2496,102
T-S012-2025-01,S012,2025-01,19412.24,0.2426,100
T-S012-2025-02,S012,2025-02,13836.57,0.2511,80
T-S012-2025-03,S012,2025-03,11318.6,0.2352,80
T-S012-2025-04,S012,2025-04,10370.06,0.2449,80
T-S012-2025-05,S012,2025-05,12120.41,0.2508,80
T-S012-2025-06,S012,2025-06,13953.19,0.2526,80
T-S012-2025-07,S012,2025-07,14701.73,0.2391,96
T-S012-2025-08,S012,2025-08,13984.96,0.2412,80
T-S012-2025-09,S012,2025-09,10787.08,0.2481,80
T-S012-2025-10,S012,2025-10,11442.46,0.2374,80
T-S012-2025-11,S012,2025-11,15275.45,0.2538,93
T-S012-2025-12,S012,2025-12,23624.77,0.2396,121
T-S013-2023-01,S013,2023-01,12382.35,0.2344,80
T-S013-2023-02,S013,2023-02,12021.65,0.2442,81
T-S013-2023-03,S013,2023-03,10554.77,0.2506,80
T-S013-2023-04,S013,2023-04,10000.0,0.2394,80
T-S013-2023-05,S013,2023-05,10000.0,0.255,80
T-S013-2023-06,S013,2023-06,10000.0,0.2432,80
T-S013-2023-07,S013,2023-07,10000.0,0.2443,80
T-S013-2023-08,S013,2023-08,10000.0,0.2423,80
T-S013-2023-09,S013,2023-09,10295.14,0.2349,80
T-S013-2023-10,S013,2023-10,10000.0,0.261,80
T-S013-2023-11,S013,2023-11,10263.09,0.2413,80
T-S013-2023-12,S013,2023-12,13978.63,0.2559,85
T-S013-2024-01,S013,2024-01,12685.41,0.2473,82
T-S013-2024-02,S013,2024-02,10563.58,0.2363,80
T-S013-2024-03,S013,2024-03,11146.76,0.2442,80
T-S013-2024-04,S013,2024-04,10947.99,0.2508,80
T-S013-2024-05,S013,2024-05,10000.0,0.2328,80
T-S013-2024-06,S013,2024-06,10000.0,0.2375,80
T-S013-2024-07,S013,2024-07,10235.58,0.2387,80
T-S013-2024-08,S013,2024-08,10000.0,0.2572,80
T-S013-2024-09,S013,2024-09,10000.0,0.2384,80
T-S013-2024-10,S013,2024-10,10449.98,0.2446,80
T-S013-2024-11,S013,2024-11,12340.39,0.2411,80
T-S013-2024-12,S013,2024-12,19730.08,0.2401,97
T-S013-2025-01,S013,2025-01,16269.15,0.2336,84
T-S013-2025-02,S013,2025-02,10000.0,0.2469,80
T-S013-2025-03,S013,2025-03,10000.0,0.2452,80
T-S013-2025-04,S013,2025-04,10552.5,0.2307,80
T-S013-2025-05,S013,2025-05,10489.95,0.2417,80
T-S013-2025-06,S013,2025-06,11097.92,0.2459,80
T-S013-2025-07,S013,2025-07,10000.0,0.2562,80
T-S013-2025-08,S013,2025-08,10782.99,0.2251,80
T-S013-2025-09,S013,2025-09,10866.89,0.2327,80
T-S013-2025-10,S013,2025-10,12335.12,0.2514,81
T-S013-2025-11,S013,2025-11,14539.41,0.2357,80
T-S013-2025-12,S013,2025-12,17014.72,0.2479,96
T-S014-2023-01,S014,2023-01,10000.0,0.2432,80
T-S014-2023-02,S014,2023-02,10000.0,0.2377,80
T-S014-2023-03,S014,2023-03,10000.0,0.249,80
T-S014-2023-04,S014,2023-04,10000.0,0.2487,80
T-S014-2023-05,S014,2023-05,10000.0,0.2347,80
T-S014-2023-06,S014,2023-06,10108.99,0.2344,80
T-S014-2023-07,S014,2023-07,10000.0,0.2427,80
T-S014-2023-08,S014,2023-08,10000.0,0.2568,80
T-S014-2023-09,S014,2023-09,10000.0,0.2503,80
T-S014-2023-10,S014,2023-10,10000.0,0.2277,80
T-S014-2023-11,S014,2023-11,12630.09,0.249,80
T-S014-2023-12,S014,2023-12,16983.62,0.2523,86
T-S014-2024-01,S014,2024-01,14894.25,0.251,92
T-S014-2024-02,S014,2024-02,11015.06,0.2304,80
T-S014-2024-03,S014,2024-03,12254.08,0.2344,80
T-S014-2024-04,S014,2024-04,11551.26,0.2502,80
T-S014-2024-05,S014,2024-05,10000.0,0.2378,80
T-S014-2024-06,S014,2024-06,10000.0,0.2547,80
T-S014-2024-07,S014,2024-07,11074.71,0.245,80
T-S014-2024-08,S014,2024-08,12946.83,0.2576,80
T-S014-2024-09,S014,2024-09,10649.98,0.2477,80
T-S014-2024-10,S014,2024-10,10000.0,0.2464,80
T-S014-2024-11,S014,2024-11,12278.36,0.2625,80
T-S014-2024-12,S014,2024-12,19130.4,0.2524,126
T-S014-2025-01,S014,2025-01,19931.75,0.2441,94
T-S014-2025-02,S014,2025-02,12685.66,0.2491,80
T-S014-2025-03,S014,2025-03,10658.63,0.2276,80
T-S014-2025-04,S014,2025-04,10000.0,0.2364,80
T-S014-2025-05,S014,2025-05,10000.0,0.2336,80
T-S014-2025-06,S014,2025-06,10142.18,0.2404,80
T-S014-2025-07,S014,2025-07,12877.75,0.2463,80
T-S014-2025-08,S014,2025-08,14092.98,0.2419,80
T-S014-2025-09,S014,2025-09,10451.83,0.2456,80
T-S014-2025-10,S014,2025-10,10000.0,0.2404,80
T-S014-2025-11,S014,2025-11,14535.67,0.2546,80
T-S014-2025-12,S014,2025-12,18553.19,0.2432,100
T-S015-2023-01,S015,2023-01,10000.0,0.2351,80
T-S015-2023-02,S015,2023-02,10000.0,0.2438,80
T-S015-2023-03,S015,2023-03,10000.0,0.2313,80
T-S015-2023-04,S015,2023-04,10000.0,0.2395,80
T-S015-2023-05,S015,2023-05,10000.0,0.2423,80
T-S015-2023-06,S015,2023-06,10000.0,0.2568,80
T-S015-2023-07,S015,2023-07,10000.0,0.2438,80
T-S015-2023-08,S015,2023-08,10000.0,0.2486,80
T-S015-2023-09,S015,2023-09,10000.0,0.237,80
T-S015-2023-10,S015,2023-10,10000.0,0.2487,80
T-S015-2023-11,S015,2023-11,10095.42,0.2401,80
T-S015-2023-12,S015,2023-12,14808.7,0.2463,80
T-S015-2024-01,S015,2024-01,15363.6,0.2445,85
T-S015-2024-02,S015,2024-02,11151.32,0.234,80
T-S015-2024-03,S015,2024-03,10000.0,0.2361,80
T-S015-2024-04,S015,2024-04,10000.0,0.2495,80
T-S015-2024-05,S015,2024-05,10000.0,0.224,80
T-S015-2024-06,S015,2024-06,10341.27,0.2524,80
T-S015-2024-07,S015,2024-07,12420.43,0.2604,80
T-S015-2024-08,S015,2024-08,11586.27,0.2524,80
T-S015-2024-09,S015,2024-09,10000.0,0.2473,80
T-S015-2024-10,S015,2024-10,10000.0,0.2493,80
T-S015-2024-11,S015,2024-11,13298.33,0.2361,90
T-S015-2024-12,S015,2024-12,17212.85,0.2453,103
T-S015-2025-01,S015,2025-01,17039.28,0.251,113
T-S015-2025-02,S015,2025-02,11876.22,0.254,80
T-S015-2025-03,S015,2025-03,10739.49,0.2503,80
T-S015-2025-04,S015,2025-04,11702.88,0.2371,80
T-S015-2025-05,S015,2025-05,10924.59,0.2416,80
T-S015-2025-06,S015,2025-06,10000.0,0.2643,80
T-S015-2025-07,S015,2025-07,11872.12,0.2446,80
T-S015-2025-08,S015,2025-08,12888.76,0.2474,80
T-S015-2025-09,S015,2025-09,10133.78,0.2566,80
T-S015-2025-10,S015,2025-10,11921.96,0.2389,80
T-S015-2025-11,S015,2025-11,13035.94,0.2361,80
T-S015-2025-12,S015,2025-12,15751.43,0.2369,84
T-S016-2023-01,S016,2023-01,10000.0,0.2529,80
T-S016-2023-02,S016,2023-02,10000.0,0.2437,80
T-S016-2023-03,S016,2023-03,10000.0,0.251,80
T-S016-2023-04,S016,2023-04,10000.0,0.2629,80
T-S016-2023-05,S016,2023-05,10000.0,0.2491,80
T-S016-2023-06,S016,2023-06,10000.0,0.2513,80
T-S016-2023-07,S016,2023-07,10000.0,0.2601,80
T-S016-2023-08,S016,2023-08,10000.0,0.2454,80
T-S016-2023-09,S016,2023-09,10000.0,0.258,80
T-S016-2023-10,S016,2023-10,10000.0,0.2614,80
T-S016-2023-11,S016,2023-11,10000.0,0.2535,80
T-S016-2023-12,S016,2023-12,11748.08,0.2467,80
T-S016-2024-01,S016,2024-01,10217.86,0.2662,80
T-S016-2024-02,S016,2024-02,10000.0,0.2626,80
T-S016-2024-03,S016,2024-03,10000.0,0.2697,80
T-S016-2024-04,S016,2024-04,10000.0,0.2603,80
T-S016-2024-05,S016,2024-05,10000.0,0.2503,80
T-S016-2024-06,S016,2024-06,10000.0,0.2601,80
T-S016-2024-07,S016,2024-07,10000.0,0.2392,80
T-S016-2024-08,S016,2024-08,10000.0,0.2428,80
T-S016-2024-09,S016,2024-09,10000.0,0.246,80
T-S016-2024-10,S016,2024-10,10000.0,0.2616,80
T-S016-2024-11,S016,2024-11,10000.0,0.2628,80
T-S016-2024-12,S016,2024-12,12924.14,0.2608,80
T-S016-2025-01,S016,2025-01,11009.73,0.2552,80
T-S016-2025-02,S016,2025-02,10000.0,0.254,80
T-S016-2025-03,S016,2025-03,10000.0,0.2657,80
T-S016-2025-04,S016,2025-04,10000.0,0.2686,80
T-S016-2025-05,S016,2025-05,10000.0,0.2623,80
T-S016-2025-06,S016,2025-06,10000.0,0.2492,80
T-S016-2025-07,S016,2025-07,10000.0,0.249,80
T-S016-2025-08,S016,2025-08,10000.0,0.2679,80
T-S016-2025-09,S016,2025-09,10000.0,0.2435,80
T-S016-2025-10,S016,2025-10,10000.0,0.2657,80
T-S016-2025-11,S016,2025-11,10000.0,0.2404,80
T-S016-2025-12,S016,2025-12,10000.0,0.2439,80
T-S017-2023-01,S017,2023-01,10000.0,0.2731,80
T-S017-2023-02,S017,2023-02,10000.0,0.2554,80
T-S017-2023-03,S017,2023-03,10000.0,0.2462,80
T-S017-2023-04,S017,2023-04,10000.0,0.2589,80
T-S017-2023-05,S017,2023-05,10000.0,0.2462,80
T-S017-2023-06,S017,2023-06,10000.0,0.2428,80
T-S017-2023-07,S017,2023-07,10000.0,0.2529,80
T-S017-2023-08,S017,2023-08,10000.0,0.261,80
T-S017-2023-09,S017,2023-09,10000.0,0.2588,80
T-S017-2023-10,S017,2023-10,10000.0,0.2643,80
T-S017-2023-11,S017,2023-11,10000.0,0.2564,80
T-S017-2023-12,S017,2023-12,11498.49,0.2556,80
T-S017-2024-01,S017,2024-01,10000.0,0.2636,80
T-S017-2024-02,S017,2024-02,10000.0,0.244,80
T-S017-2024-03,S017,2024-03,10000.0,0.2696,80
T-S017-2024-04,S017,2024-04,10000.0,0.2435,80
T-S017-2024-05,S017,2024-05,10000.0,0.25,80
T-S017-2024-06,S017,2024-06,10000.0,0.2761,80
T-S017-2024-07,S017,2024-07,10000.0,0.2529,80
T-S017-2024-08,S017,2024-08,10000.0,0.2587,80
T-S017-2024-09,S017,2024-09,10000.0,0.2779,80
T-S017-2024-10,S017,2024-10,10000.0,0.255,80
T-S017-2024-11,S017,2024-11,10000.0,0.2548,80
T-S017-2024-12,S017,2024-12,11181.42,0.2482,80
T-S017-2025-01,S017,2025-01,10459.05,0.2514,80
T-S017-2025-02,S017,2025-02,10000.0,0.245,80
T-S017-2025-03,S017,2025-03,10000.0,0.2446,80
T-S017-2025-04,S017,2025-04,10000.0,0.2543,80
T-S017-2025-05,S017,2025-05,10000.0,0.245,80
T-S017-2025-06,S017,2025-06,10000.0,0.2433,80
T-S017-2025-07,S017,2025-07,10000.0,0.253,80
T-S017-2025-08,S017,2025-08,10000.0,0.2668,80
T-S017-2025-09,S017,2025-09,10000.0,0.2495,80
T-S017-2025-10,S017,2025-10,10000.0,0.2548,80
T-S017-2025-11,S017,2025-11,10000.0,0.2494,80
T-S017-2025-12,S017,2025-12,10313.75,0.2466,80
T-S018-2023-01,S018,2023-01,10000.0,0.238,80
T-S018-2023-02,S018,2023-02,10000.0,0.2346,80
T-S018-2023-03,S018,2023-03,10000.0,0.2369,80
T-S018-2023-04,S018,2023-04,10000.0,0.2555,80
T-S018-2023-05,S018,2023-05,10000.0,0.2394,80
T-S018-2023-06,S018,2023-06,10000.0,0.2361,80
T-S018-2023-07,S018,2023-07,10290.4,0.245,80
T-S018-2023-08,S018,2023-08,10105.48,0.2499,80
T-S018-2023-09,S018,2023-09,10000.0,0.259,80
T-S018-2023-10,S018,2023-10,10000.0,0.2539,80
T-S018-2023-11,S018,2023-11,11721.22,0.2504,80
T-S018-2023-12,S018,2023-12,15572.02,0.2278,80
T-S018-2024-01,S018,2024-01,13654.69,0.2367,84
T-S018-2024-02,S018,2024-02,10286.2,0.2481,80
T-S018-2024-03,S018,2024-03,10428.53,0.2512,80
T-S018-2024-04,S018,2024-04,10000.0,0.2467,80
T-S018-2024-05,S018,2024-05,10000.0,0.2348,80
T-S018-2024-06,S018,2024-06,10414.58,0.2471,80
T-S018-2024-07,S018,2024-07,11165.27,0.2367,80
T-S018-2024-08,S018,2024-08,10000.0,0.2402,80
T-S018-2024-09,S018,2024-09,10000.0,0.2371,80
T-S018-2024-10,S018,2024-10,10000.0,0.2374,80
T-S018-2024-11,S018,2024-11,13593.52,0.254,90
T-S018-2024-12,S018,2024-12,21255.72,0.2356,118
T-S018-2025-01,S018,2025-01,20713.24,0.2319,104
T-S018-2025-02,S018,2025-02,12462.25,0.2404,80
T-S018-2025-03,S018,2025-03,10000.0,0.2477,80
T-S018-2025-04,S018,2025-04,10929.61,0.2489,80
T-S018-2025-05,S018,2025-05,13752.93,0.2449,80
T-S018-2025-06,S018,2025-06,14125.58,0.246,80
T-S018-2025-07,S018,2025-07,12618.17,0.2436,80
T-S018-2025-08,S018,2025-08,11731.45,0.2433,80
T-S018-2025-09,S018,2025-09,10789.06,0.2538,80
T-S018-2025-10,S018,2025-10,11110.65,0.244,80
T-S018-2025-11,S018,2025-11,15625.99,0.243,97
T-S018-2025-12,S018,2025-12,18838.46,0.2416,118
T-S019-2023-01,S019,2023-01,10000.0,0.2536,80
T-S019-2023-02,S019,2023-02,10000.0,0.2616,80
T-S019-2023-03,S019,2023-03,10000.0,0.2577,80
T-S019-2023-04,S019,2023-04,10000.0,0.2548,80
T-S019-2023-05,S019,2023-05,10000.0,0.2562,80
T-S019-2023-06,S019,2023-06,10000.0,0.2459,80
T-S019-2023-07,S019,2023-07,10000.0,0.2566,80
T-S019-2023-08,S019,2023-08,10000.0,0.2649,80
T-S019-2023-09,S019,2023-09,10000.0,0.2445,80
T-S019-2023-10,S019,2023-10,10000.0,0.2598,80
T-S019-2023-11,S019,2023-11,10000.0,0.2489,80
T-S019-2023-12,S019,2023-12,11481.8,0.2658,80
T-S019-2024-01,S019,2024-01,10112.18,0.2625,80
T-S019-2024-02,S019,2024-02,10000.0,0.2553,80
T-S019-2024-03,S019,2024-03,10000.0,0.2609,80
T-S019-2024-04,S019,2024-04,10000.0,0.2505,80
T-S019-2024-05,S019,2024-05,10000.0,0.2622,80
T-S019-2024-06,S019,2024-06,10000.0,0.2477,80
T-S019-2024-07,S019,2024-07,10000.0,0.2356,80
T-S019-2024-08,S019,2024-08,10000.0,0.2551,80
T-S019-2024-09,S019,2024-09,10000.0,0.2451,80
T-S019-2024-10,S019,2024-10,10000.0,0.2536,80
T-S019-2024-11,S019,2024-11,10000.0,0.2464,80
T-S019-2024-12,S019,2024-12,10000.0,0.2517,80
T-S019-2025-01,S019,2025-01,10000.0,0.2588,80
T-S019-2025-02,S019,2025-02,10000.0,0.262,80
T-S019-2025-03,S019,2025-03,10000.0,0.2626,80
T-S019-2025-04,S019,2025-04,10000.0,0.2601,80
T-S019-2025-05,S019,2025-05,10000.0,0.2433,80
T-S019-2025-06,S019,2025-06,10000.0,0.26,80
T-S019-2025-07,S019,2025-07,10000.0,0.2543,80
T-S019-2025-08,S019,2025-08,10000.0,0.2531,80
T-S019-2025-09,S019,2025-09,10000.0,0.266,80
T-S019-2025-10,S019,2025-10,10000.0,0.2462,80
T-S019-2025-11,S019,2025-11,10000.0,0.2598,80
T-S019-2025-12,S019,2025-12,10000.0,0.251,80
T-S020-2023-01,S020,2023-01,10000.0,0.248,80
T-S020-2023-02,S020,2023-02,10000.0,0.2484,80
T-S020-2023-03,S020,2023-03,10000.0,0.2481,80
T-S020-2023-04,S020,2023-04,10000.0,0.2497,80
T-S020-2023-05,S020,2023-05,10000.0,0.2552,80
T-S020-2023-06,S020,2023-06,10000.0,0.2436,80
T-S020-2023-07,S020,2023-07,10000.0,0.2469,80
T-S020-2023-08,S020,2023-08,10000.0,0.2413,80
T-S020-2023-09,S020,2023-09,10000.0,0.2288,80
T-S020-2023-10,S020,2023-10,10000.0,0.2401,80
T-S020-2023-11,S020,2023-11,10000.0,0.2429,80
T-S020-2023-12,S020,2023-12,14872.53,0.2488,92
T-S020-2024-01,S020,2024-01,13181.87,0.2312,80
T-S020-2024-02,S020,2024-02,10000.0,0.2576,80
T-S020-2024-03,S020,2024-03,10000.0,0.2415,80
T-S020-2024-04,S020,2024-04,10000.0,0.2507,80
T-S020-2024-05,S020,2024-05,10000.0,0.2549,80
T-S020-2024-06,S020,2024-06,10000.0,0.2513,80
T-S020-2024-07,S020,2024-07,10000.0,0.2331,80
T-S020-2024-08,S020,2024-08,10000.0,0.2538,80
T-S020-2024-09,S020,2024-09,10000.0,0.2495,80
T-S020-2024-10,S020,2024-10,10000.0,0.2346,80
T-S020-2024-11,S020,2024-11,10000.0,0.2494,80
T-S020-2024-12,S020,2024-12,13077.76,0.257,80
T-S020-2025-01,S020,2025-01,13817.99,0.2408,80
T-S020-2025-02,S020,2025-02,10000.0,0.231,80
T-S020-2025-03,S020,2025-03,10000.0,0.2322,80
T-S020-2025-04,S020,2025-04,10000.0,0.2479,80
T-S020-2025-05,S020,2025-05,10000.0,0.2604,80
T-S020-2025-06,S020,2025-06,10000.0,0.2451,80
T-S020-2025-07,S020,2025-07,10000.0,0.2349,80
T-S020-2025-08,S020,2025-08,11210.9,0.2452,80
T-S020-2025-09,S020,2025-09,10809.33,0.2271,80
T-S020-2025-10,S020,2025-10,10000.0,0.2425,80
T-S020-2025-11,S020,2025-11,10472.86,0.2513,80
T-S020-2025-12,S020,2025-12,15301.99,0.2576,80
T-S021-2023-01,S021,2023-01,10000.0,0.253,80
T-S021-2023-02,S021,2023-02,10000.0,0.2547,80
T-S021-2023-03,S021,2023-03,10000.0,0.2518,80
T-S021-2023-04,S021,2023-04,10000.0,0.236,80
T-S021-2023-05,S021,2023-05,10000.0,0.2489,80
T-S021-2023-06,S021,2023-06,10000.0,0.2476,80
T-S021-2023-07,S021,2023-07,10000.0,0.2443,80
T-S021-2023-08,S021,2023-08,10000.0,0.2414,80
T-S021-2023-09,S021,2023-09,10000.0,0.2389,80
T-S021-2023-10,S021,2023-10,10000.0,0.2406,80
T-S021-2023-11,S021,2023-11,10000.0,0.2413,80
T-S021-2023-12,S021,2023-12,11252.0,0.2379,80
T-S021-2024-01,S021,2024-01,10000.0,0.2557,80
T-S021-2024-02,S021,2024-02,10000.0,0.2363,80
T-S021-2024-03,S021,2024-03,10000.0,0.2272,80
T-S021-2024-04,S021,2024-04,10000.0,0.2273,80
T-S021-2024-05,S021,2024-05,10000.0,0.2544,80
T-S021-2024-06,S021,2024-06,10000.0,0.2347,80
T-S021-2024-07,S021,2024-07,10000.0,0.2445,80
T-S021-2024-08,S021,2024-08,10000.0,0.2405,80
T-S021-2024-09,S021,2024-09,10000.0,0.2365,80
T-S021-2024-10,S021,2024-10,10000.0,0.2512,80
T-S021-2024-11,S021,2024-11,10000.0,0.2525,80
T-S021-2024-12,S021,2024-12,13605.7,0.244,80
T-S021-2025-01,S021,2025-01,13735.71,0.2358,80
T-S021-2025-02,S021,2025-02,10000.0,0.2644,80
T-S021-2025-03,S021,2025-03,10000.0,0.2465,80
T-S021-2025-04,S021,2025-04,10000.0,0.2505,80
T-S021-2025-05,S021,2025-05,10000.0,0.2453,80
T-S021-2025-06,S021,2025-06,10000.0,0.2421,80
T-S021-2025-07,S021,2025-07,10000.0,0.2319,80
T-S021-2025-08,S021,2025-08,10000.0,0.241,80
T-S021-2025-09,S021,2025-09,10000.0,0.2345,80
T-S021-2025-10,S021,2025-10,10000.0,0.2423,80
T-S021-2025-11,S021,2025-11,10000.0,0.2515,80
T-S021-2025-12,S021,2025-12,12608.13,0.2499,80
T-S022-2023-01,S022,2023-01,11457.1,0.2415,80
T-S022-2023-02,S022,2023-02,10000.0,0.2357,80
T-S022-2023-03,S022,2023-03,10000.0,0.2173,80
T-S022-2023-04,S022,2023-04,10000.0,0.2319,80
T-S022-2023-05,S022,2023-05,10000.0,0.2642,80
T-S022-2023-06,S022,2023-06,10000.0,0.2538,80
T-S022-2023-07,S022,2023-07,10000.0,0.2601,80
T-S022-2023-08,S022,2023-08,10000.0,0.2512,80
T-S022-2023-09,S022,2023-09,10000.0,0.2413,80
T-S022-2023-10,S022,2023-10,10000.0,0.2426,80
T-S022-2023-11,S022,2023-11,11186.82,0.2438,80
T-S022-2023-12,S022,2023-12,15573.1,0.2473,93
T-S022-2024-01,S022,2024-01,13493.41,0.2366,80
T-S022-2024-02,S022,2024-02,10000.0,0.2438,80
T-S022-2024-03,S022,2024-03,10000.0,0.2428,80
T-S022-2024-04,S022,2024-04,10000.0,0.2403,80
T-S022-2024-05,S022,2024-05,10648.11,0.2569,80
T-S022-2024-06,S022,2024-06,10000.0,0.2376,80
T-S022-2024-07,S022,2024-07,10000.0,0.2363,80
T-S022-2024-08,S022,2024-08,10000.0,0.2358,80
T-S022-2024-09,S022,2024-09,10000.0,0.2417,80
T-S022-2024-10,S022,2024-10,10000.0,0.2376,80
T-S022-2024-11,S022,2024-11,10000.0,0.224,80
T-S022-2024-12,S022,2024-12,14103.11,0.2384,80
T-S022-2025-01,S022,2025-01,12269.94,0.2521,81
T-S022-2025-02,S022,2025-02,10000.0,0.2533,80
T-S022-2025-03,S022,2025-03,10000.0,0.2438,80
T-S022-2025-04,S022,2025-04,10000.0,0.2382,80
T-S022-2025-05,S022,2025-05,11357.47,0.2447,80
T-S022-2025-06,S022,2025-06,10179.85,0.2565,80
T-S022-2025-07,S022,2025-07,10000.0,0.2463,80
T-S022-2025-08,S022,2025-08,10000.0,0.2434,80
T-S022-2025-09,S022,2025-09,10000.0,0.25,80
T-S022-2025-10,S022,2025-10,10000.0,0.2409,80
T-S022-2025-11,S022,2025-11,10352.56,0.2499,80
T-S022-2025-12,S022,2025-12,14597.9,0.2488,88
T-S023-2023-01,S023,2023-01,10000.0,0.2488,80
T-S023-2023-02,S023,2023-02,10000.0,0.2449,80
T-S023-2023-03,S023,2023-03,10000.0,0.2507,80
T-S023-2023-04,S023,2023-04,10000.0,0.2433,80
T-S023-2023-05,S023,2023-05,10000.0,0.2504,80
T-S023-2023-06,S023,2023-06,10000.0,0.2357,80
T-S023-2023-07,S023,2023-07,10000.0,0.2418,80
T-S023-2023-08,S023,2023-08,10000.0,0.2556,80
T-S023-2023-09,S023,2023-09,10000.0,0.2283,80
T-S023-2023-10,S023,2023-10,10000.0,0.2505,80
T-S023-2023-11,S023,2023-11,10917.5,0.2431,80
T-S023-2023-12,S023,2023-12,13070.46,0.2444,80
T-S023-2024-01,S023,2024-01,10547.22,0.2399,80
T-S023-2024-02,S023,2024-02,10000.0,0.2419,80
T-S023-2024-03,S023,2024-03,10000.0,0.2381,80
T-S023-2024-04,S023,2024-04,10000.0,0.2393,80
T-S023-2024-05,S023,2024-05,10000.0,0.2552,80
T-S023-2024-06,S023,2024-06,10000.0,0.2319,80
T-S023-2024-07,S023,2024-07,10000.0,0.2518,80
T-S023-2024-08,S023,2024-08,10000.0,0.2462,80
T-S023-2024-09,S023,2024-09,10000.0,0.2442,80
T-S023-2024-10,S023,2024-10,10000.0,0.2247,80
T-S023-2024-11,S023,2024-11,11504.78,0.2546,80
T-S023-2024-12,S023,2024-12,14467.86,0.2342,94
T-S023-2025-01,S023,2025-01,15163.73,0.2446,88
T-S023-2025-02,S023,2025-02,11267.82,0.235,80
T-S023-2025-03,S023,2025-03,10000.0,0.258,80
T-S023-2025-04,S023,2025-04,10000.0,0.2444,80
T-S023-2025-05,S023,2025-05,10000.0,0.248,80
T-S023-2025-06,S023,2025-06,10000.0,0.2526,80
T-S023-2025-07,S023,2025-07,10000.0,0.2466,80
T-S023-2025-08,S023,2025-08,10000.0,0.2365,80
T-S023-2025-09,S023,2025-09,10000.0,0.2402,80
T-S023-2025-10,S023,2025-10,10000.0,0.2446,80
T-S023-2025-11,S023,2025-11,11379.9,0.241,80
T-S023-2025-12,S023,2025-12,15843.07,0.2497,98
T-S024-2023-01,S024,2023-01,10004.51,0.2601,80
T-S024-2023-02,S024,2023-02,10000.0,0.2451,80
T-S024-2023-03,S024,2023-03,10000.0,0.2545,80
T-S024-2023-04,S024,2023-04,10000.0,0.2508,80
T-S024-2023-05,S024,2023-05,10000.0,0.2549,80
T-S024-2023-06,S024,2023-06,10000.0,0.2471,80
T-S024-2023-07,S024,2023-07,10000.0,0.2592,80
T-S024-2023-08,S024,2023-08,10000.0,0.2505,80
T-S024-2023-09,S024,2023-09,10000.0,0.2369,80
T-S024-2023-10,S024,2023-10,10000.0,0.2386,80
T-S024-2023-11,S024,2023-11,10000.0,0.2441,80
T-S024-2023-12,S024,2023-12,11681.65,0.2423,80
T-S024-2024-01,S024,2024-01,10000.0,0.2531,80
T-S024-2024-02,S024,2024-02,10000.0,0.2323,80
T-S024-2024-03,S024,2024-03,10000.0,0.2435,80
T-S024-2024-04,S024,2024-04,10000.0,0.2358,80
T-S024-2024-05,S024,2024-05,10000.0,0.2584,80
T-S024-2024-06,S024,2024-06,10000.0,0.2397,80
T-S024-2024-07,S024,2024-07,10000.0,0.2351,80
T-S024-2024-08,S024,2024-08,10000.0,0.2452,80
T-S024-2024-09,S024,2024-09,10000.0,0.2506,80
T-S024-2024-10,S024,2024-10,10000.0,0.2473,80
T-S024-2024-11,S024,2024-11,10000.0,0.2501,80
T-S024-2024-12,S024,2024-12,13864.9,0.2347,86
T-S024-2025-01,S024,2025-01,14759.83,0.2604,84
T-S024-2025-02,S024,2025-02,10000.0,0.2407,80
T-S024-2025-03,S024,2025-03,10000.0,0.2439,80
T-S024-2025-04,S024,2025-04,10000.0,0.2439,80
T-S024-2025-05,S024,2025-05,10000.0,0.2399,80
T-S024-2025-06,S024,2025-06,10000.0,0.2503,80
T-S024-2025-07,S024,2025-07,10000.0,0.2418,80
T-S024-2025-08,S024,2025-08,10561.67,0.2478,80
T-S024-2025-09,S024,2025-09,10000.0,0.2448,80
T-S024-2025-10,S024,2025-10,10000.0,0.2487,80
T-S024-2025-11,S024,2025-11,10000.0,0.2457,80
T-S024-2025-12,S024,2025-12,15285.75,0.2397,80
T-S025-2023-01,S025,2023-01,11677.11,0.2496,80
T-S025-2023-02,S025,2023-02,10314.58,0.2357,80
T-S025-2023-03,S025,2023-03,10000.0,0.2272,80
T-S025-2023-04,S025,2023-04,10000.0,0.2446,80
T-S025-2023-05,S025,2023-05,10000.0,0.2463,80
T-S025-2023-06,S025,2023-06,10000.0,0.2291,80
T-S025-2023-07,S025,2023-07,10000.0,0.2529,80
T-S025-2023-08,S025,2023-08,10000.0,0.2446,80
T-S025-2023-09,S025,2023-09,10000.0,0.2506,80
T-S025-2023-10,S025,2023-10,10000.0,0.2452,80
T-S025-2023-11,S025,2023-11,10000.0,0.2477,80
T-S025-2023-12,S025,2023-12,14776.25,0.2446,92
T-S025-2024-01,S025,2024-01,13009.54,0.2483,80
T-S025-2024-02,S025,2024-02,10000.0,0.2601,80
T-S025-2024-03,S025,2024-03,10314.65,0.2362,80
T-S025-2024-04,S025,2024-04,10394.05,0.2371,80
T-S025-2024-05,S025,2024-05,10000.0,0.2571,80
T-S025-2024-06,S025,2024-06,10000.0,0.2438,80
T-S025-2024-07,S025,2024-07,10000.0,0.2511,80
T-S025-2024-08,S025,2024-08,10000.0,0.2595,80
T-S025-2024-09,S025,2024-09,10000.0,0.2466,80
T-S025-2024-10,S025,2024-10,10000.0,0.2383,80
T-S025-2024-11,S025,2024-11,10000.0,0.2355,80
T-S025-2024-12,S025,2024-12,15017.23,0.2504,92
T-S025-2025-01,S025,2025-01,13916.4,0.2448,94
T-S025-2025-02,S025,2025-02,10000.0,0.2422,80
T-S025-2025-03,S025,2025-03,10000.0,0.2439,80
T-S025-2025-04,S025,2025-04,10000.0,0.2393,80
T-S025-2025-05,S025,2025-05,11389.46,0.2559,80
T-S025-2025-06,S025,2025-06,10000.0,0.2465,80
T-S025-2025-07,S025,2025-07,10000.0,0.24,80
T-S025-2025-08,S025,2025-08,10000.0,0.2379,80
T-S025-2025-09,S025,2025-09,10000.0,0.2493,80
T-S025-2025-10,S025,2025-10,10104.61,0.2365,80
T-S025-2025-11,S025,2025-11,12039.25,0.224,80
T-S025-2025-12,S025,2025-12,17152.14,0.2355,102
T-S026-2023-01,S026,2023-01,10000.0,0.2633,80
T-S026-2023-02,S026,2023-02,10000.0,0.2571,80
T-S026-2023-03,S026,2023-03,10000.0,0.2466,80
T-S026-2023-04,S026,2023-04,10000.0,0.2605,80
T-S026-2023-05,S026,2023-05,10000.0,0.2515,80
T-S026-2023-06,S026,2023-06,10000.0,0.2501,80
T-S026-2023-07,S026,2023-07,10000.0,0.2515,80
T-S026-2023-08,S026,2023-08,10000.0,0.2387,80
T-S026-2023-09,S026,2023-09,10000.0,0.2521,80
T-S026-2023-10,S026,2023-10,10000.0,0.2506,80
T-S026-2023-11,S026,2023-11,10000.0,0.2536,80
T-S026-2023-12,S026,2023-12,10000.0,0.2668,80
T-S026-2024-01,S026,2024-01,10180.56,0.2556,80
T-S026-2024-02,S026,2024-02,10000.0,0.2359,80
T-S026-2024-03,S026,2024-03,10000.0,0.2646,80
T-S026-2024-04,S026,2024-04,10000.0,0.2657,80
T-S026-2024-05,S026,2024-05,10000.0,0.257,80
T-S026-2024-06,S026,2024-06,10000.0,0.2545,80
T-S026-2024-07,S026,2024-07,10000.0,0.2544,80
T-S026-2024-08,S026,2024-08,10000.0,0.2787,80
T-S026-2024-09,S026,2024-09,10000.0,0.2511,80
T-S026-2024-10,S026,2024-10,10000.0,0.2523,80
T-S026-2024-11,S026,2024-11,10000.0,0.2622,80
T-S026-2024-12,S026,2024-12,10000.0,0.2474,80
T-S026-2025-01,S026,2025-01,10000.0,0.2556,80
T-S026-2025-02,S026,2025-02,10000.0,0.2682,80
T-S026-2025-03,S026,2025-03,10000.0,0.2545,80
T-S026-2025-04,S026,2025-04,10000.0,0.2511,80
T-S026-2025-05,S026,2025-05,10000.0,0.269,80
T-S026-2025-06,S026,2025-06,10000.0,0.2631,80
T-S026-2025-07,S026,2025-07,10000.0,0.2674,80
T-S026-2025-08,S026,2025-08,10000.0,0.2591,80
T-S026-2025-09,S026,2025-09,10000.0,0.2491,80
T-S026-2025-10,S026,2025-10,10000.0,0.2604,80
T-S026-2025-11,S026,2025-11,10000.0,0.2596,80
T-S026-2025-12,S026,2025-12,10135.31,0.248,80
T-S027-2023-01,S027,2023-01,10000.0,0.2424,80
T-S027-2023-02,S027,2023-02,10000.0,0.2444,80
T-S027-2023-03,S027,2023-03,10000.0,0.2346,80
T-S027-2023-04,S027,2023-04,10000.0,0.2451,80
T-S027-2023-05,S027,2023-05,10000.0,0.2383,80
T-S027-2023-06,S027,2023-06,10000.0,0.2334,80
T-S027-2023-07,S027,2023-07,10000.0,0.241,80
T-S027-2023-08,S027,2023-08,10000.0,0.2452,80
T-S027-2023-09,S027,2023-09,10000.0,0.2314,80
T-S027-2023-10,S027,2023-10,10000.0,0.238,80
T-S027-2023-11,S027,2023-11,10000.0,0.2403,80
T-S027-2023-12,S027,2023-12,10000.0,0.2407,80
T-S027-2024-01,S027,2024-01,10000.0,0.2434,80
T-S027-2024-02,S027,2024-02,10000.0,0.2419,80
T-S027-2024-03,S027,2024-03,10000.0,0.2393,80
T-S027-2024-04,S027,2024-04,10000.0,0.2452,80
T-S027-2024-05,S027,2024-05,10000.0,0.2548,80
T-S027-2024-06,S027,2024-06,10000.0,0.2519,80
T-S027-2024-07,S027,2024-07,10000.0,0.234,80
T-S027-2024-08,S027,2024-08,10000.0,0.2443,80
T-S027-2024-09,S027,2024-09,10000.0,0.2578,80
T-S027-2024-10,S027,2024-10,10000.0,0.2361,80
T-S027-2024-11,S027,2024-11,10000.0,0.2479,80
T-S027-2024-12,S027,2024-12,10804.57,0.2407,80
T-S027-2025-01,S027,2025-01,11109.29,0.2496,80
T-S027-2025-02,S027,2025-02,10000.0,0.2561,80
T-S027-2025-03,S027,2025-03,10000.0,0.2388,80
T-S027-2025-04,S027,2025-04,10000.0,0.2628,80
T-S027-2025-05,S027,2025-05,10000.0,0.2447,80
T-S027-2025-06,S027,2025-06,10000.0,0.2484,80
T-S027-2025-07,S027,2025-07,10000.0,0.2451,80
T-S027-2025-08,S027,2025-08,10000.0,0.2435,80
T-S027-2025-09,S027,2025-09,10000.0,0.2386,80
T-S027-2025-10,S027,2025-10,10000.0,0.2501,80
T-S027-2025-11,S027,2025-11,10000.0,0.2391,80
T-S027-2025-12,S027,2025-12,11985.25,0.2477,80
T-S028-2023-01,S028,2023-01,10000.0,0.2439,80
T-S028-2023-02,S028,2023-02,10000.0,0.2499,80
T-S028-2023-03,S028,2023-03,10000.0,0.2485,80
T-S028-2023-04,S028,2023-04,10000.0,0.2657,80
T-S028-2023-05,S028,2023-05,10000.0,0.2582,80
T-S028-2023-06,S028,2023-06,10000.0,0.2584,80
T-S028-2023-07,S028,2023-07,10000.0,0.2647,80
T-S028-2023-08,S028,2023-08,10000.0,0.2471,80
T-S028-2023-09,S028,2023-09,10000.0,0.2515,80
T-S028-2023-10,S028,2023-10,10000.0,0.2605,80
T-S028-2023-11,S028,2023-11,10000.0,0.2617,80
T-S028-2023-12,S028,2023-12,10000.0,0.2658,80
T-S028-2024-01,S028,2024-01,10000.0,0.252,80
T-S028-2024-02,S028,2024-02,10000.0,0.259,80
T-S028-2024-03,S028,2024-03,10000.0,0.2585,80
T-S028-2024-04,S028,2024-04,10000.0,0.2532,80
T-S028-2024-05,S028,2024-05,10000.0,0.2528,80
T-S028-2024-06,S028,2024-06,10000.0,0.2583,80
T-S028-2024-07,S028,2024-07,10000.0,0.2552,80
T-S028-2024-08,S028,2024-08,10000.0,0.2397,80
T-S028-2024-09,S028,2024-09,10000.0,0.2533,80
T-S028-2024-10,S028,2024-10,10000.0,0.2525,80
T-S028-2024-11,S028,2024-11,10000.0,0.2649,80
T-S028-2024-12,S028,2024-12,10000.0,0.2633,80
T-S028-2025-01,S028,2025-01,10000.0,0.2495,80
T-S028-2025-02,S028,2025-02,10000.0,0.2438,80
T-S028-2025-03,S028,2025-03,10000.0,0.2595,80
T-S028-2025-04,S028,2025-04,10000.0,0.255,80
T-S028-2025-05,S028,2025-05,10000.0,0.2621,80
T-S028-2025-06,S028,2025-06,10000.0,0.2471,80
T-S028-2025-07,S028,2025-07,10000.0,0.2707,80
T-S028-2025-08,S028,2025-08,10000.0,0.2738,80
T-S028-2025-09,S028,2025-09,10000.0,0.2478,80
T-S028-2025-10,S028,2025-10,10000.0,0.2394,80
T-S028-2025-11,S028,2025-11,10000.0,0.2389,80
T-S028-2025-12,S028,2025-12,10000.0,0.254,80
T-S029-2023-01,S029,2023-01,10000.0,0.2332,80
T-S029-2023-02,S029,2023-02,10000.0,0.2427,80
T-S029-2023-03,S029,2023-03,10000.0,0.2464,80
T-S029-2023-04,S029,2023-04,10000.0,0.2439,80
T-S029-2023-05,S029,2023-05,10000.0,0.2452,80
T-S029-2023-06,S029,2023-06,10000.0,0.2408,80
T-S029-2023-07,S029,2023-07,10000.0,0.255,80
T-S029-2023-08,S029,2023-08,10000.0,0.2447,80
T-S029-2023-09,S029,2023-09,10000.0,0.2487,80
T-S029-2023-10,S029,2023-10,10000.0,0.2539,80
T-S029-2023-11,S029,2023-11,11500.78,0.2396,80
T-S029-2023-12,S029,2023-12,13296.92,0.2398,80
T-S029-2024-01,S029,2024-01,10000.0,0.244,80
T-S029-2024-02,S029,2024-02,10000.0,0.2535,80
T-S029-2024-03,S029,2024-03,10000.0,0.2451,80
T-S029-2024-04,S029,2024-04,10000.0,0.2463,80
T-S029-2024-05,S029,2024-05,10000.0,0.2512,80
T-S029-2024-06,S029,2024-06,10000.0,0.2632,80
T-S029-2024-07,S029,2024-07,10000.0,0.2491,80
T-S029-2024-08,S029,2024-08,10000.0,0.2443,80
T-S029-2024-09,S029,2024-09,10000.0,0.2411,80
T-S029-2024-10,S029,2024-10,10000.0,0.2431,80
T-S029-2024-11,S029,2024-11,10000.0,0.2641,80
T-S029-2024-12,S029,2024-12,13640.69,0.2453,83
T-S029-2025-01,S029,2025-01,14830.52,0.2623,93
T-S029-2025-02,S029,2025-02,10000.0,0.2389,80
T-S029-2025-03,S029,2025-03,10000.0,0.2346,80
T-S029-2025-04,S029,2025-04,10185.34,0.2502,80
T-S029-2025-05,S029,2025-05,10000.0,0.2463,80
T-S029-2025-06,S029,2025-06,10000.0,0.2513,80
T-S029-2025-07,S029,2025-07,10000.0,0.2502,80
T-S029-2025-08,S029,2025-08,10236.13,0.2489,80
T-S029-2025-09,S029,2025-09,10000.0,0.2434,80
T-S029-2025-10,S029,2025-10,10000.0,0.2515,80
T-S029-2025-11,S029,2025-11,12289.09,0.2451,80
T-S029-2025-12,S029,2025-12,16757.71,0.2449,100
T-S030-2023-01,S030,2023-01,10000.0,0.2444,80
T-S030-2023-02,S030,2023-02,10000.0,0.2418,80
T-S030-2023-03,S030,2023-03,10000.0,0.2499,80
T-S030-2023-04,S030,2023-04,10000.0,0.2614,80
T-S030-2023-05,S030,2023-05,10000.0,0.2449,80
T-S030-2023-06,S030,2023-06,10000.0,0.2333,80
T-S030-2023-07,S030,2023-07,10000.0,0.257,80
T-S030-2023-08,S030,2023-08,10000.0,0.242,80
T-S030-2023-09,S030,2023-09,10000.0,0.2375,80
T-S030-2023-10,S030,2023-10,10000.0,0.2438,80
T-S030-2023-11,S030,2023-11,10000.0,0.2556,80
T-S030-2023-12,S030,2023-12,10000.0,0.2539,80
T-S030-2024-01,S030,2024-01,10000.0,0.2665,80
T-S030-2024-02,S030,2024-02,10000.0,0.2518,80
T-S030-2024-03,S030,2024-03,10000.0,0.2389,80
T-S030-2024-04,S030,2024-04,10000.0,0.2505,80
T-S030-2024-05,S030,2024-05,10000.0,0.2495,80
T-S030-2024-06,S030,2024-06,10000.0,0.2413,80
T-S030-2024-07,S030,2024-07,10000.0,0.2432,80
T-S030-2024-08,S030,2024-08,10000.0,0.2445,80
T-S030-2024-09,S030,2024-09,10000.0,0.2501,80
T-S030-2024-10,S030,2024-10,10000.0,0.2638,80
T-S030-2024-11,S030,2024-11,10000.0,0.2343,80
T-S030-2024-12,S030,2024-12,10000.0,0.2411,80
T-S030-2025-01,S030,2025-01,10000.0,0.2414,80
T-S030-2025-02,S030,2025-02,10000.0,0.2307,80
T-S030-2025-03,S030,2025-03,10000.0,0.2493,80
T-S030-2025-04,S030,2025-04,10000.0,0.2448,80
T-S030-2025-05,S030,2025-05,10000.0,0.2384,80
T-S030-2025-06,S030,2025-06,10000.0,0.2468,80
T-S030-2025-07,S030,2025-07,10000.0,0.2617,80
T-S030-2025-08,S030,2025-08,10000.0,0.2494,80
T-S030-2025-09,S030,2025-09,10000.0,0.2469,80
T-S030-2025-10,S030,2025-10,10000.0,0.2383,80
T-S030-2025-11,S030,2025-11,10000.0,0.2571,80
T-S030-2025-12,S030,2025-12,12399.32,0.2545,80
T-S031-2023-01,S031,2023-01,10000.0,0.2731,80
T-S031-2023-02,S031,2023-02,10000.0,0.249,80
T-S031-2023-03,S031,2023-03,10000.0,0.2439,80
T-S031-2023-04,S031,2023-04,10000.0,0.2583,80
T-S031-2023-05,S031,2023-05,10000.0,0.2589,80
T-S031-2023-06,S031,2023-06,10000.0,0.2665,80
T-S031-2023-07,S031,2023-07,10000.0,0.2582,80
T-S031-2023-08,S031,2023-08,10000.0,0.2683,80
T-S031-2023-09,S031,2023-09,10000.0,0.2628,80
T-S031-2023-10,S031,2023-10,10000.0,0.2554,80
T-S031-2023-11,S031,2023-11,10000.0,0.2529,80
T-S031-2023-12,S031,2023-12,10000.0,0.2589,80
T-S031-2024-01,S031,2024-01,10000.0,0.255,80
T-S031-2024-02,S031,2024-02,10000.0,0.2433,80
T-S031-2024-03,S031,2024-03,10000.0,0.2465,80
T-S031-2024-04,S031,2024-04,10000.0,0.2475,80
T-S031-2024-05,S031,2024-05,10000.0,0.2574,80
T-S031-2024-06,S031,2024-06,10000.0,0.2562,80
T-S031-2024-07,S031,2024-07,10000.0,0.2512,80
T-S031-2024-08,S031,2024-08,10000.0,0.2496,80
T-S031-2024-09,S031,2024-09,10000.0,0.2537,80
T-S031-2024-10,S031,2024-10,10000.0,0.26,80
T-S031-2024-11,S031,2024-11,10000.0,0.2555,80
T-S031-2024-12,S031,2024-12,13407.78,0.2482,80
T-S031-2025-01,S031,2025-01,12826.62,0.2521,80
T-S031-2025-02,S031,2025-02,10000.0,0.2535,80
T-S031-2025-03,S031,2025-03,10000.0,0.2589,80
T-S031-2025-04,S031,2025-04,10000.0,0.2546,80
T-S031-2025-05,S031,2025-05,10000.0,0.2363,80
T-S031-2025-06,S031,2025-06,10000.0,0.2454,80
T-S031-2025-07,S031,2025-07,10000.0,0.2564,80
T-S031-2025-08,S031,2025-08,10000.0,0.2685,80
T-S031-2025-09,S031,2025-09,10000.0,0.2429,80
T-S031-2025-10,S031,2025-10,10000.0,0.2482,80
T-S031-2025-11,S031,2025-11,10000.0,0.2627,80
T-S031-2025-12,S031,2025-12,15214.19,0.2507,80
T-S032-2023-01,S032,2023-01,13150.53,0.2361,80
T-S032-2023-02,S032,2023-02,12337.76,0.2344,80
T-S032-2023-03,S032,2023-03,10000.0,0.253,80
T-S032-2023-04,S032,2023-04,10000.0,0.2608,80
T-S032-2023-05,S032,2023-05,10000.0,0.2467,80
T-S032-2023-06,S032,2023-06,10000.0,0.2361,80
T-S032-2023-07,S032,2023-07,12290.77,0.236,80
T-S032-2023-08,S032,2023-08,13586.5,0.2532,80
T-S032-2023-09,S032,2023-09,11671.01,0.239,80
T-S032-2023-10,S032,2023-10,10000.0,0.2368,80
T-S032-2023-11,S032,2023-11,13442.21,0.2364,80
T-S032-2023-12,S032,2023-12,17153.1,0.243,105
T-S032-2024-01,S032,2024-01,15436.18,0.2466,99
T-S032-2024-02,S032,2024-02,12546.54,0.2394,80
T-S032-2024-03,S032,2024-03,12194.05,0.2431,80
T-S032-2024-04,S032,2024-04,12007.77,0.2431,81
T-S032-2024-05,S032,2024-05,10248.17,0.2504,80
T-S032-2024-06,S032,2024-06,10000.0,0.2411,80
T-S032-2024-07,S032,2024-07,12441.3,0.2389,80
T-S032-2024-08,S032,2024-08,13113.58,0.2432,80
T-S032-2024-09,S032,2024-09,11009.1,0.2516,80
T-S032-2024-10,S032,2024-10,10000.0,0.2581,80
T-S032-2024-11,S032,2024-11,11641.31,0.2499,80
T-S032-2024-12,S032,2024-12,15816.84,0.2603,94
T-S032-2025-01,S032,2025-01,17300.63,0.2506,98
T-S032-2025-02,S032,2025-02,13835.99,0.2534,90
T-S032-2025-03,S032,2025-03,12975.43,0.2404,80
T-S032-2025-04,S032,2025-04,12826.09,0.238,80
T-S032-2025-05,S032,2025-05,12313.15,0.2383,80
T-S032-2025-06,S032,2025-06,12150.44,0.2235,80
T-S032-2025-07,S032,2025-07,14402.34,0.2495,98
T-S032-2025-08,S032,2025-08,14724.24,0.2526,80
T-S032-2025-09,S032,2025-09,12934.55,0.2432,80
T-S032-2025-10,S032,2025-10,12964.41,0.2579,80
T-S032-2025-11,S032,2025-11,15517.96,0.2405,80
T-S032-2025-12,S032,2025-12,21720.01,0.2459,119
T-S033-2023-01,S033,2023-01,10000.0,0.2529,80
T-S033-2023-02,S033,2023-02,10000.0,0.2624,80
T-S033-2023-03,S033,2023-03,10000.0,0.2692,80
T-S033-2023-04,S033,2023-04,10000.0,0.2791,80
T-S033-2023-05,S033,2023-05,10000.0,0.2649,80
T-S033-2023-06,S033,2023-06,10000.0,0.2721,80
T-S033-2023-07,S033,2023-07,10000.0,0.264,80
T-S033-2023-08,S033,2023-08,10000.0,0.269,80
T-S033-2023-09,S033,2023-09,10000.0,0.2657,80
T-S033-2023-10,S033,2023-10,10000.0,0.2631,80
T-S033-2023-11,S033,2023-11,10000.0,0.2679,80
T-S033-2023-12,S033,2023-12,10000.0,0.2619,80
T-S033-2024-01,S033,2024-01,10000.0,0.2689,80
T-S033-2024-02,S033,2024-02,10000.0,0.2691,80
T-S033-2024-03,S033,2024-03,10000.0,0.2705,80
T-S033-2024-04,S033,2024-04,10000.0,0.2568,80
T-S033-2024-05,S033,2024-05,10000.0,0.2426,80
T-S033-2024-06,S033,2024-06,10000.0,0.2732,80
T-S033-2024-07,S033,2024-07,10000.0,0.2767,80
T-S033-2024-08,S033,2024-08,10000.0,0.267,80
T-S033-2024-09,S033,2024-09,10000.0,0.2573,80
T-S033-2024-10,S033,2024-10,10000.0,0.2809,80
T-S033-2024-11,S033,2024-11,10000.0,0.2842,80
T-S033-2024-12,S033,2024-12,10000.0,0.2653,80
T-S033-2025-01,S033,2025-01,10000.0,0.2544,80
T-S033-2025-02,S033,2025-02,10000.0,0.2518,80
T-S033-2025-03,S033,2025-03,10000.0,0.2628,80
T-S033-2025-04,S033,2025-04,10000.0,0.2694,80
T-S033-2025-05,S033,2025-05,10000.0,0.262,80
T-S033-2025-06,S033,2025-06,10000.0,0.2588,80
T-S033-2025-07,S033,2025-07,10000.0,0.2612,80
T-S033-2025-08,S033,2025-08,10000.0,0.2582,80
T-S033-2025-09,S033,2025-09,10000.0,0.2686,80
T-S033-2025-10,S033,2025-10,10000.0,0.2615,80
T-S033-2025-11,S033,2025-11,10000.0,0.2634,80
T-S033-2025-12,S033,2025-12,10000.0,0.2701,80
T-S034-2023-01,S034,2023-01,10000.0,0.2472,80
T-S034-2023-02,S034,2023-02,10000.0,0.2506,80
T-S034-2023-03,S034,2023-03,10000.0,0.2412,80
T-S034-2023-04,S034,2023-04,10000.0,0.2492,80
T-S034-2023-05,S034,2023-05,10000.0,0.2506,80
T-S034-2023-06,S034,2023-06,10000.0,0.2394,80
T-S034-2023-07,S034,2023-07,10000.0,0.2512,80
T-S034-2023-08,S034,2023-08,10000.0,0.2696,80
T-S034-2023-09,S034,2023-09,10000.0,0.2516,80
T-S034-2023-10,S034,2023-10,10000.0,0.2454,80
T-S034-2023-11,S034,2023-11,10000.0,0.2602,80
T-S034-2023-12,S034,2023-12,12076.37,0.2475,81
T-S034-2024-01,S034,2024-01,10601.77,0.2368,80
T-S034-2024-02,S034,2024-02,10000.0,0.2413,80
T-S034-2024-03,S034,2024-03,10000.0,0.2665,80
T-S034-2024-04,S034,2024-04,10000.0,0.2644,80
T-S034-2024-05,S034,2024-05,10000.0,0.2447,80
T-S034-2024-06,S034,2024-06,10000.0,0.2534,80
T-S034-2024-07,S034,2024-07,10000.0,0.2601,80
T-S034-2024-08,S034,2024-08,10000.0,0.2399,80
T-S034-2024-09,S034,2024-09,10000.0,0.2406,80
T-S034-2024-10,S034,2024-10,10000.0,0.2521,80
T-S034-2024-11,S034,2024-11,10000.0,0.2487,80
T-S034-2024-12,S034,2024-12,11086.57,0.2372,80
T-S034-2025-01,S034,2025-01,13982.23,0.2558,80
T-S034-2025-02,S034,2025-02,10301.61,0.2365,80
T-S034-2025-03,S034,2025-03,10000.0,0.2431,80
T-S034-2025-04,S034,2025-04,10000.0,0.2557,80
T-S034-2025-05,S034,2025-05,10000.0,0.2497,80
T-S034-2025-06,S034,2025-06,10000.0,0.2504,80
T-S034-2025-07,S034,2025-07,10000.0,0.2456,80
T-S034-2025-08,S034,2025-08,10000.0,0.228,80
T-S034-2025-09,S034,2025-09,10000.0,0.2375,80
T-S034-2025-10,S034,2025-10,10000.0,0.2502,80
T-S034-2025-11,S034,2025-11,10487.05,0.2484,80
T-S034-2025-12,S034,2025-12,14712.95,0.2423,80
T-S035-2023-01,S035,2023-01,10000.0,0.2435,80
T-S035-2023-02,S035,2023-02,10000.0,0.2346,80
T-S035-2023-03,S035,2023-03,10000.0,0.249,80
T-S035-2023-04,S035,2023-04,10000.0,0.2547,80
T-S035-2023-05,S035,2023-05,10000.0,0.2409,80
T-S035-2023-06,S035,2023-06,10000.0,0.2443,80
T-S035-2023-07,S035,2023-07,10000.0,0.2545,80
T-S035-2023-08,S035,2023-08,10000.0,0.2514,80
T-S035-2023-09,S035,2023-09,10000.0,0.247,80
T-S035-2023-10,S035,2023-10,10000.0,0.2574,80
T-S035-2023-11,S035,2023-11,10000.0,0.2437,80
T-S035-2023-12,S035,2023-12,11277.95,0.2362,80
T-S035-2024-01,S035,2024-01,12199.52,0.2402,80
T-S035-2024-02,S035,2024-02,10000.0,0.25,80
T-S035-2024-03,S035,2024-03,10000.0,0.2522,80
T-S035-2024-04,S035,2024-04,10000.0,0.2421,80
T-S035-2024-05,S035,2024-05,10000.0,0.2379,80
T-S035-2024-06,S035,2024-06,10000.0,0.2532,80
T-S035-2024-07,S035,2024-07,10000.0,0.2518,80
T-S035-2024-08,S035,2024-08,10000.0,0.2413,80
T-S035-2024-09,S035,2024-09,10000.0,0.2418,80
T-S035-2024-10,S035,2024-10,10110.28,0.2485,80
T-S035-2024-11,S035,2024-11,12698.62,0.2633,80
T-S035-2024-12,S035,2024-12,15091.71,0.2544,80
T-S035-2025-01,S035,2025-01,13752.91,0.2485,80
T-S035-2025-02,S035,2025-02,10000.0,0.2377,80
T-S035-2025-03,S035,2025-03,10000.0,0.2512,80
T-S035-2025-04,S035,2025-04,11434.74,0.2292,80
T-S035-2025-05,S035,2025-05,10427.71,0.2462,80
T-S035-2025-06,S035,2025-06,10000.0,0.25,80
T-S035-2025-07,S035,2025-07,10000.0,0.2509,80
T-S035-2025-08,S035,2025-08,10000.0,0.249,80
T-S035-2025-09,S035,2025-09,10000.0,0.2526,80
T-S035-2025-10,S035,2025-10,10000.0,0.2481,80
T-S035-2025-11,S035,2025-11,10000.0,0.2335,80
T-S035-2025-12,S035,2025-12,13317.71,0.2469,90
T-S036-2023-01,S036,2023-01,10000.0,0.2573,80
T-S036-2023-02,S036,2023-02,10000.0,0.2275,80
T-S036-2023-03,S036,2023-03,10000.0,0.2403,80
T-S036-2023-04,S036,2023-04,10000.0,0.2407,80
T-S036-2023-05,S036,2023-05,10000.0,0.2545,80
T-S036-2023-06,S036,2023-06,10000.0,0.2532,80
T-S036-2023-07,S036,2023-07,10000.0,0.2513,80
T-S036-2023-08,S036,2023-08,10000.0,0.2321,80
T-S036-2023-09,S036,2023-09,10000.0,0.2421,80
T-S036-2023-10,S036,2023-10,10000.0,0.2487,80
T-S036-2023-11,S036,2023-11,10000.0,0.2593,80
T-S036-2023-12,S036,2023-12,10000.0,0.2428,80
T-S036-2024-01,S036,2024-01,11152.27,0.246,80
T-S036-2024-02,S036,2024-02,10000.0,0.2365,80
T-S036-2024-03,S036,2024-03,10000.0,0.2499,80
T-S036-2024-04,S036,2024-04,10000.0,0.2507,80
T-S036-2024-05,S036,2024-05,10000.0,0.2455,80
T-S036-2024-06,S036,2024-06,10000.0,0.2519,80
T-S036-2024-07,S036,2024-07,10000.0,0.2379,80
T-S036-2024-08,S036,2024-08,10000.0,0.2518,80
T-S036-2024-09,S036,2024-09,10000.0,0.2479,80
T-S036-2024-10,S036,2024-10,10000.0,0.2349,80
T-S036-2024-11,S036,2024-11,10003.67,0.236,80
T-S036-2024-12,S036,2024-12,11159.96,0.227,80
T-S036-2025-01,S036,2025-01,10000.0,0.236,80
T-S036-2025-02,S036,2025-02,10000.0,0.2414,80
T-S036-2025-03,S036,2025-03,10000.0,0.2387,80
T-S036-2025-04,S036,2025-04,10000.0,0.2462,80
T-S036-2025-05,S036,2025-05,10000.0,0.2481,80
T-S036-2025-06,S036,2025-06,10000.0,0.2479,80
T-S036-2025-07,S036,2025-07,10000.0,0.2508,80
T-S036-2025-08,S036,2025-08,10000.0,0.2399,80
T-S036-2025-09,S036,2025-09,10000.0,0.253,80
T-S036-2025-10,S036,2025-10,10000.0,0.2469,80
T-S036-2025-11,S036,2025-11,10000.0,0.2458,80
T-S036-2025-12,S036,2025-12,10573.66,0.2411,80
